{
    "Tribes": [
        {
            "TribeFileTimestamp": "0001-01-01T00:00:00", 
            "Objects": [
                {
                    "Uuid": "00000033-9600-1481-4400-000000000000", 
                    "ClassName": "\u0000\u0000\u0000????\u000B?\u0014??????n\u0017?????s???\u0000\u0000\u0000?V?e?\u0000\u0000\u0000\u00004\u0000\u0000\u00005??[??\u0014?hm??\u0060?\u0017?n?\u0006?{????Ga\u003E3\u0000\u0000\u0000?\u0014\u0000?\u0000\u0000\u0000\u002B\u0000\u0000\u0000\u0000\u0000\u0002\u0000\u0000\u0000\u0000\u00005??[??\u0014?hm??\u0060?\u0017?n?\u0006?{???\u0000\u0000\u0000 ??W?\u0000\u0000\u0000\u0000\u001F\u0000\u0000\u0000???\u001B\u0026?\u0014??\u0017?JF?\u0017??.w?O????Ga\u003E3\u0000\u0000\u0000?\u0014\u0000?\u0000\u0000\u0000\u002B\u0000\u0000\u0000\u0000\u0000\u0002\u0000\u0000\u0000\u0000\u0000???\u001B\u0026?\u0014??\u0017?JF?\u0017??.w?O???\u0000\u0000\u0000\u0000??G@\u0000\u0000\u0000\u0000\u001F\u0000\u0000\u0000?A\u001B???\u0014??\u000B?\u001E\u0019?\u0017?\u0014-\u0004as????Ga\u003E3\u0000\u0000\u0000?\u0014\u0000?\u0000\u0000\u0000\u002B\u0000\u0000\u0000\u0000\u0000\u0002\u0000\u0000\u0000\u0000\u0000?A\u001B???\u0014??\u000B?\u001E\u0019?\u0017?\u0014-\u0004as???\u0000\u0000\u0000\u0000??@?\u0000\u0000\u0000\u0000\u001F\u0000\u0000\u0000\u001Ebv???\u0014?\u0018\u003Cv??\u000E\u0017?m?8??X???Ga\u003E3\u0000\u0000\u0000?\u0014\u0000?\u0000\u0000\u0000\u002B\u0000\u0000\u0000\u0000\u0000\u0002\u0000\u0000\u0000\u0000\u0000\u001Ebv???\u0014?\u0018\u003Cv??\u000E\u0017?m?8??X??\u0000\u0000\u0000?\\,_@\u0000\u0000\u0000\u0000\u001F\u0000\u0000\u0000\u0004S_7\u0011?\u0014???E??\u000F\u0017??{\u00008?5???Ga\u003E3\u0000\u0000\u0000?\u0014\u0000?\u0000\u0000\u0000\u002B\u0000\u0000\u0000\u0000\u0000\u0002\u0000\u0000\u0000\u0000\u0000\u0004S_7\u0011?\u0014???E??\u000F\u0017??{\u00008?5??\u0000\u0000\u0000\u0000\u0000?\u000E@\u0000\u0000\u0000\u0000\u001F\u0000\u0000\u0000-6a??f\u0014????\u0019O", 
                    "IsItem": true, 
                    "Names": [], 
                    "Location": {
                        "X"    : 6.518771074525E-311    , 
                        "Y"    : 1.6578092E-316         , 
                        "Z"    : 2.1606110155974675E-210, 
                        "Pitch": 1.5683522958749332E-195, 
                        "Yaw"  : -8.390726920266675E-64 , 
                        "Roll" : 1.5801127797237152E+175  
                    }, 
                    "Properties": []
                }
            ], 
            "Properties": [], 
            "Tribe": null
        }
    ], 
    "Profiles": [
        {
            "Objects": [
                {
                    "Uuid": "00000033-ec00-0881-2900-000200000000", 
                    "ClassName": "\u0000\u0000\u0000?\\??GU????T????@\u0060??????@\u0000\u0000\u0000???\u0060@\u0000\u0000\u0000\u0000\u001D\u0000\u0000\u0000\u0000 3????@\u0000?9?a??@z?c??-?@\u0000\u0000\u0000\u00003\u0000\u0000\u0000?\b\u0000?\u0002\u0000\u0000\u0003\u0000\u0000\u0000\u0000\u0000\u0002\u0000\u0000\u0000\u0000\u0000\u0000 3????@\u0000?9?a??@z?c??-?@\u0000\u0000\u0000???T@\u0000\u0000\u0000\u0000\u0002\u0000\u0000\u0000\u0000@fXX??@\u0000\u0011?3\u0004Y?@?\u0014%?r??@\u0000\u0000\u0000\u00003\u0000\u0000\u0000?\u0006\u0000\u0000\u0000\u0000\u0000$\u0000\u0000\u0000\u0000\u0000\u0002\u0000\u0000\u0000\u0000\u0000\u0000@fXX??@\u0000\u0011?3\u0004Y?@?\u0014%?r??@\u0000\u0000\u0000\u0000?R-@\u0000\u0000\u0000\u0000\u0018\u0000\u0000\u0000\u0000???kj??\u0000\r3?????2?y|???@\u0000\u0000\u0000\u00003\u0000\u0000\u0000?\b\u0000?\u0002\u0000\u0000\t\u0000\u0000\u0000\u0000\u0000\u0002\u0000\u0000\u0000\u0000\u0000\u0000???kj??\u0000\r3?????2?y|???@\u0000\u0000\u0000\u0060\u0007,e?\u0000\u0000\u0000\u0000\u0005\u0000\u0000\u0000??8??\u001C???=\u003C!1Q???QxT???@\u0000\u0000\u0000\u00003\u0000\u0000\u0000?\b\u0000?\u0002\u0000\u0000\t\u0000\u0000\u0000\u0000\u0000\u0002\u0000\u0000\u0000\u0000\u0000??8??\u001C???=\u003C!1Q???QxT???@\u0000\u0000\u0000??lT?\u0000\u0000\u0000\u0000\u0005\u0000\u0000\u0000\u0000????E???c??X???????vO?@\u0000\u0000\u0000\u00003\u0000\u0000\u0000?\b\u0000?\u0002\u0000\u0000\u001E\u0000\u0000\u0000\u0000\u0000\u0002\u0000\u0000\u0000\u0000\u0000\u0000????E???c??X???????vO?@\u0000\u0000\u0000??cV?\u0000\u0000\u0000\u0000\u0012\u0000\u0000\u0000\u0000T?\f?!??\u00000?V\u0004", 
                    "IsItem": true, 
                    "Names": [], 
                    "Location": {
                        "X"    : 1.90130823816565E-310   , 
                        "Y"    : 1.6578092E-316          , 
                        "Z"    : -581894.4693908691      , 
                        "Pitch": -4.0768338177143794E+92 , 
                        "Yaw"  : -1.8522536349602153E+100, 
                        "Roll" : 8.016209159222773E+96     
                    }, 
                    "Properties": []
                }
            ], 
            "Properties": [], 
            "Profile": null
        }
    ]
}
