{
    "4fd80e44-4c0b-4f2c-208b-bda1b19b2a0c": {"X": 2, "Y": 1, "Z": 5, "Pitch": 0, "Yaw": 0, "Roll": 0}, 
    "964f7630-46c4-fe78-45e7-aab7e06630a5": {
        "X"    : 271.0411531594467   , 
        "Y"    : -83.46999994685939  , 
        "Z"    : 188.15000112612452  , 
        "Pitch": -0                  , 
        "Yaw"  : 0                   , 
        "Roll" : -0.05560817727774054  
    }, 
    "98c54e56-424b-f0c2-3c95-078186c43b00": {
        "X"    : 271.0411531594467     , 
        "Y"    : -83.46999994685939    , 
        "Z"    : 188.15000112612452    , 
        "Pitch": -0.0006324979595610823, 
        "Yaw"  : -0.01135659009637399  , 
        "Roll" : -0.0556045800854909     
    }, 
    "9e055a0e-49f6-b621-9839-0c8cebf964d9": {
        "X"    : 276.55984302487946 , 
        "Y"    : -50.218604579970304, 
        "Z"    : 161.0951786116306  , 
        "Pitch": 0.2741675706562541 , 
        "Yaw"  : 0.6016926929000338 , 
        "Roll" : -0.2348848290108044  
    }
}
